id,question_id,option_text,is_correct,media_type,media_content
1,1,"Java, API, Markup",False,,
2,1,"JavaScript, ASP, Markup",False,,
3,1,"Java, ASP, Markup",False,,
4,1,"JavaScript, API, Markup",True,,
5,2,Sir Tim Berners-Lee,False,,
6,2,Roy Fielding,False,,
7,2,Mathias Biilmann,True,,
8,2,None of the above,False,,
9,3,Progressive World App,False,,
10,3,Permanent Web App,False,,
11,3,Progressive Web App,True,,
12,3,None of the above,False,,
13,4,Simple Page App,False,,
14,4,Single Page App,True,,
15,4,Single page Asset,False,,
16,4,None of the above,False,,
17,5,5000,True,,
18,5,8000,False,,
19,5,8080,False,,
20,5,3000,False,,
21,6,,False,code,<applet code=тАЬappletdemo.classтАЭ> </applet>
22,6,,False,code,<applet code = тАЬappletdemoтАЭ > </applet>
23,6,Both 1 and 2,True,,
24,6,None of the above,False,,
25,7,It is used to display alternative text in case the browser does not support Java.,True,,
26,7,It is used to display alternative text in case JavaScript is disabled in the browser.,False,,
27,7,It is used to display the title for the applet.,False,,
28,7,None of the above,False,,
29,8,JavaScript can be used for DOM manipulation.,True,,
30,8,"Being a client side scripting language, it reduces the load on the server.",True,,
31,8,JavaScript cannot be used in the backend.,False,,
32,8,All of the above,False,,
33,9,DOM Manipulation,False,,
34,9,Asynchronous Processing,False,,
35,9,Event Loop,False,,
36,9,All of the above,True,,
37,10,It is a special program that can be run by a browser's java virtual machine.,True,,
38,10,It is a programming language.,False,,
39,10,Applets are written in java.,True,,
40,10,It can be embedded in HTML documents.,True,,
41,11,Mozilla Firefox,True,,
42,11,Google Chrome,False,,
43,11,Internet Explorer,False,,
44,11,Safari,False,,
45,12,JavaScript always requires a browser for its execution.,False,,
46,12,JavaScript cannot be invoked using command line.,False,,
47,12,JavaScript always requires a document context in order to be executed.,False,,
48,12,All of the above,True,,
49,13,5,False,,
50,13,undefined,False,,
51,13,,False,,
52,13,Reference Error,True,,
53,14,AJAX is an acronym for Asynchronous JavaScript and XML.,True,,
54,14,It is a technology used to send request to the server without reloading the page via JavaScript.,True,,
55,14,Only XML data can be transported using AJAX.,False,,
56,14,All of the above,False,,
57,15,undefined,True,,
58,15,,False,,
59,15,0,False,,
60,15,It will throw a syntax error.,False,,
61,16,It will throw a TypeError.,True,,
62,16,15,False,,
63,16,14,False,,
64,16,undefined,False,,
65,17,SyntaxError,False,,
66,17,Red,False,,
67,17,Yellow,True,,
68,17,Undefined,False,,
69,18,,True,code,"const sum = (x, y) => {return x+y}"
70,18,,True,code,"const sum = (x, y) => x+y"
71,18,,True,code,const sqr = x => {return x*x}
72,18,,True,code,const sqr = x => x*x
73,19,red,True,,
74,19,black,False,,
75,19,yellow,False,,
76,19,None of the above,False,,
77,20,black,False,,
78,20,yellow,True,,
79,20,green,False,,
80,20,red,False,,
81,21,UTF-8,False,,
82,21,UTF-16,True,,
83,21,UTF-32,False,,
84,21,ASCII,False,,
85,22,5,True,,
86,22,undefined,False,,
87,22,,False,,
88,22,Reference Error,False,,
89,23,==,False,,
90,23,**,False,,
91,23,===,True,,
92,23,None of the above,False,,
93,24,var,False,,
94,24,let,True,,
95,24,const,True,,
96,24,All of the above,False,,
97,25,It is a JavaScript standard.,True,,
98,25,It is a markup language.,False,,
99,25,It was designed to ensure the inter-portability of webpages across the browsers.,True,,
100,25,None of the above,False,,
101,26,const,False,,
102,26,int,True,,
103,26,while,False,,
104,26,else,False,,
105,27,,False,,
106,27,5,False,,
107,27,True,True,,
108,27,тАЬIITMтАЭ,False,,
109,28,String,False,,
110,28,Number,False,,
111,28,LongInt,True,,
112,28,Boolean,False,,
113,29,def,True,,
114,29,let,False,,
115,29,const,False,,
116,29,yield,False,,
117,30,These are not objects.,True,,
118,30,Int is a primitive datatype.,False,,
119,30,Number is a primitive datatype.,True,,
120,30,undefined and null are primitive data types.,True,,
121,31,{},True,,
122,31,,False,,
123,31,undefined,False,,
124,31,,False,,
125,32,{},False,,
126,32,,False,,
127,32,undefined,True,,
128,32,,False,,
129,33,It will throw a syntax error.,True,,
130,33,undefined,False,,
131,33,,False,,
132,33,0,False,,
133,34,It will throw a TypeError.,False,,
134,34,15,True,,
135,34,14,False,,
136,34,undefined,False,,
137,35,red,False,,
138,35,green,True,,
139,35,undefined,False,,
140,35,SyntaxError,False,,
141,36,ReactJS,False,,
142,36,Flask,True,,
143,36,Bootstrap,False,,
144,36,VueJS,False,,
145,37,Flask,False,,
146,37,Django,False,,
147,37,VueJS,True,,
148,37,Express,False,,
149,38,It can manipulate the DOM.,True,,
150,38,JavaScript is a programming language.,True,,
151,38,It cannot manipulate the DOM.,False,,
152,38,None of the above,False,,
153,39,Asynchronous Java and XML,False,,
154,39,Asynchronous JavaScript and XML,True,,
155,39,Auto JavaScript and XML,False,,
156,39,None of the above,False,,
157,40,It is a study of algorithms that improve through the use of data.,False,,
158,40,It is a sub field of AI that extracts patterns out of raw data.,False,,
159,40,It allows computers to learn from experience without being explicitly programmed or human intervention.,False,,
160,40,It is used for tasks where programming/human labour fails.,False,,
161,40,All of these,True,,
162,41,Weather prediction,False,,
163,41,Face tagging,False,,
164,41,Password verification,True,,
165,41,Spam detection,False,,
166,41,Recommendation system,False,,
167,41,Social media marketing,False,,
168,42,Speech recognition,False,,
169,42,Image recognition,False,,
170,42,Object detection,False,,
171,42,Array sorting,True,,
172,43,We do not know the exact rules transforming the input to output.,True,,
173,43,There are clearly defined rules transforming the input to output.,False,,
174,43,We are unable to express the exact rules transforming the input to output.,True,,
175,44,The price of a house based on its area and distance from metro.,True,,
176,44,Whether or not a house is closer than 5 KMs to metro based on its price and area.,False,,
177,45,Continuous,True,,
178,45,Discrete,False,,
179,45,of any type,False,,
180,45,Categorical,False,,
181,46,Dimensionality Reduction,False,,
182,46,Classification,True,,
183,46,Density Estimation,False,,
184,46,Regression,True,,
185,47,Probabilistic Model,False,,
186,47,Predictive Model,True,,
187,48,$$f(X) = W^\top X + b$$,True,,
188,48,$$f(X) = \mathrm{Sign}(W^\top X + b)$$,False,,
189,49,True,True,,
190,49,False,False,,
191,50,Curve fitting,True,,
192,50,Data exploration,False,,
193,50,Data cleaning,False,,
194,50,Dimensionality reduction,False,,
195,51,Probabilistic Models,False,,
196,51,Predictive Models,True,,
197,52,$$\frac{1}{n} \sum_{i=1}^{n} \left( f(X^i) - Y^i \right)^2$$,False,,
198,52,$$\frac{1}{n} \sum \mathbb{1}(f(X_i) \neq Y_i)$$,True,,
199,53,Training data,False,,
200,53,Test data,True,,
201,53,Validation data,False,,
202,54,Training data,False,,
203,54,Test data,False,,
204,54,Validation data,True,,
205,55,Curve Fitting,False,,
206,55,Understanding Data,True,,
207,55,Classification,False,,
208,55,Predictive Learning,False,,
209,56,$$d < d'$$,False,,
210,56,$$d > d'$$,True,,
211,56,$$d = d'$$,False,,
212,56,Any relation holds good,False,,
213,57,$$d < d'$$,False,,
214,57,$$d > d'$$,True,,
215,57,$$d = d'$$,False,,
216,57,Any relation holds good,False,,
217,58,$$\frac{1}{n} \sum ||g(X_i) - f(X_i)||^2$$,False,,
218,58,$$\frac{1}{n} \sum ||g(f(X_i)) - X_i||^2$$,True,,
219,58,$$\frac{1}{n} \sum ||f(g(X_i)) - X_i||^2$$,False,,
220,59,Reducing dimensionality,True,,
221,59,Grouping similar data,True,,
222,59,Density Estimation,True,,
223,60,"$$\{X_1, X_2, \dots, X_n\}$$",True,,
224,60,"$$\{(X_1, Y_1), (X_2, Y_2), \dots, (X_n, Y_n)\}$$",False,,
225,60,"$$\{(X_1, y_1), (X_2, y_2), \dots, (X_n, y_n)\}$$",False,,
226,61,Dimensionality reduction,False,,
227,61,Regression,False,,
228,61,Classification,False,,
229,61,Density estimation,True,,
230,62,$$\frac{1}{n} \sum \log(P(X_i))$$,False,,
231,62,$$\frac{1}{n} \sum -\log(P(X_i))$$,True,,
232,62,$$\frac{1}{n} \sum \log(-P(X_i))$$,False,,
233,62,$$\frac{1}{n} \sum \left(1 - \log(-P(X_i))\right)$$,False,,
234,63,Mean square error,False,,
235,63,Log-likelihood,False,,
236,63,Negative log-likelihood,True,,
237,63,Entropy,False,,
238,64,A model is a mathematical representation of reality.,False,,
239,64,A model is an exact representation of a system.,False,,
240,64,A model uses no assumptions.,False,,
241,64,only 1,True,,
242,64,only 2,False,,
243,65,Predicting the stock price of a company on a given day based on revenue growth and profit after tax.,True,,
244,65,Predicting the country that a person belongs to based on his physical features.,False,,
245,65,Predicting the animal present in a given image.,False,,
246,65,Predicting the topic of a given Wikipedia article.,False,,
247,66,The need to check for a long list of possible patterns that may be present.,False,,
248,66,Difficulty in maintaining the program containing the complex hard-coded rules.,False,,
249,66,The need to keep writing new rules as the spammers become innovative.,False,,
250,66,All of these.,True,,
251,67,are strictly integers.,False,,
252,67,"always lie in the range $$[0, 1]$$.",False,,
253,67,are any real value.,True,,
254,67,are any imaginary value.,False,,
255,68,Find the gender of a person by analyzing writing style.,True,,
256,68,"Predict the price of a car based on engine power, mileage etc.",False,,
257,68,Predict whether there will be abnormally heavy rainfall tomorrow or not based on previous data.,True,,
258,68,Predict the number of street accidents that will happen this month.,False,,
259,69,Predict the height of a person based on his weight.,True,,
260,69,Predict the country a person belongs to based on his linguistic features.,False,,
261,69,Predict whether the price of gold will increase tomorrow or not.,False,,
262,69,Predict whether a movie is comedy or tragedy based on its reviews.,False,,
263,70,Grouping tweets based on topic similarity,True,,
264,70,Making clusters of cells having similar appearance under microscope.,True,,
265,70,Checking whether an email is spam or not.,False,,
266,70,Identify the gender of online customers based on buying behaviour.,False,,
267,71,$$\mathbb{1}(\text{2 is even}) = 1$$,False,,
268,71,$$\mathbb{1}(10 \pmod 3 = 0) = 0$$,False,,
269,71,$$\mathbb{1}(0.5 \notin \mathbb{R}) = 0$$,False,,
270,71,"$$\mathbb{1}(2 \in \{2,3,4\}) = 0$$",True,,
271,72,$$f: \mathbb{R}^d \to \mathbb{R}$$,False,,
272,72,"$$f: \mathbb{R}^d \to \{+1, -1\}$$",True,,
273,72,$$f: \mathbb{R}^d \to \mathbb{R}^{d'}$$,False,,
274,73,$$f: \mathbb{R}^d \to \mathbb{R}^{d'} \text{ where } d' < d \text{ AND } g: \mathbb{R}^{d'} \to \mathbb{R}^d \text{ where } d' < d$$,True,,
275,73,$$f: \mathbb{R}^d \to \mathbb{R}^{d'} \text{ where } d' > d$$,False,,
276,73,$$g: \mathbb{R}^{d'} \to \mathbb{R}^d \text{ where } d' > d$$,False,,
277,74,Both (1) and (2) are suited for regression.,False,,
278,74,Both (1) and (2) are suited for classification.,False,,
279,74,,True,code,Problem (1) is better suited for classification while (2) is better suited for regression.юААnan
280,74,,False,code,Problem (2) is better suited for classification while (1) is better suited for regression.юААnan
281,77,let,False,,
282,77,var,False,,
283,77,const,False,,
284,77,All of the above,True,,
285,78,JavaScript is a statically typed language.,False,,
286,78,JavaScript is a dynamically typed language.,True,,
287,78,JavaScript is a weakly typed language.,True,,
288,78,JavaScript is a strongly typed language.,False,,
289,79,It is a forgiving language like HTML.,True,,
290,79,It inserts a semicolon after each statement automatically.,True,,
291,79,Blocks and functions both use { } for body contents.,True,,
292,79,Blocks use { } but functions use indentation for body contents.,False,,
293,80,undefined,False,,
294,80,Rohit,False,,
295,80,Mohit,True,,
296,80,,False,,
297,81,It will throw a TypeError.,False,,
298,81,Rohit,False,,
299,81,Mohit,True,,
300,81,undefined,False,,
301,82,undefined,False,,
302,82,Rohit,True,,
303,82,Mohit,False,,
304,82,,False,,
305,83,Rohit,True,,
306,83,Mohit,False,,
307,83,undefined,False,,
308,83,Syntax Error,False,,
309,84,"'hello from setTimeOut one'
'hello for main one'
'hello from setTimeOut two'
'hello from main two'",False,,
310,84,"'hello for main one'
'hello from setTimeOut one'
'hello from main two'
'hello from setTimeOut two'",False,,
311,84,"'hello for main one'
'hello from main two'
'hello from setTimeOut two'
'hello from setTimeOut one'",False,,
312,84,"'hello for main one'
'hello from main two'
'hello from setTimeOut one'
'hello from setTimeOut two'",True,,
313,85,red,False,,
314,85,black,False,,
315,85,yellow,True,,
316,85,None of the above,False,,
317,86,r,False,,
318,86,a,False,,
319,86,n,True,,
320,86,o,False,,
321,87,Text,True,,
322,87,Speech,True,,
323,87,Vision,True,,
324,88,"(1) - (d), (2) - (b), (3) - (c), (4) - (a)",False,,
325,88,"(1) - (d), (2) - (a), (3) - (c), (4) - (b)",True,,
326,89,Name of the customer,False,,
327,89,Age of the customer,True,,
328,89,Gender of the customer,True,,
329,89,Products that the customer has purchased in the past,True,,
330,89,Profiles of customers who have a similar purchase behaviour,True,,
331,89,The customer's PAN number,False,,
332,90,Films,True,,
333,90,None of the above,False,,
334,91,Yes,False,,
335,91,No,True,,
336,92,"Machine learning is data-driven. The mere presence of data is not enough, what we do with the data matters. Machine learning is the science of learning from data. In the previous problem, no learning is involved.",True,,
337,92,The claim is completely correct. Any dataset can inherently be learned from.,False,,
338,93,Supervised learning,True,,
339,93,Regression,False,,
340,93,Unsupervised learning,True,,
341,93,Clustering,False,,
342,93,Sequential learning,True,,
343,93,Online learning,False,,
344,94,"Given the image of a chest X-Ray, determine the presence or absence of a tumor.",True,,
345,94,"Given a customer's financial background, determine if the customer can be given a loan or not.",True,,
346,94,"Given the history of rainfall in a given region, predict the amount of rainfall for a given duration",False,,
347,94,"Given a sound clip, determine the number of musical instruments that are present in it.",False,,
348,95,Regression,False,,
349,95,Binary classification (exactly 2 categories),False,,
350,95,,True,code,Multi-class classification (more than 2 categories)юААnan
351,95,This is not a supervised learning problem,False,,
352,96,"Scenario-1: supervised learning
Scenario-2: unsupervised learning",True,,
353,96,"Scenario-1: unsupervised learning
Scenario-2: supervised learning",False,,
354,97,True,False,,
355,97,False,True,,
356,98,"$$n=4, d=5$$",False,,
357,98,"$$n=5, d=4$$",True,,
358,98,$$n=d=4$$,False,,
359,98,$$n=d=5$$,False,,
360,99,$$ \begin{bmatrix} 0 \\ 0 \\ 0 \end{bmatrix} $$,False,,
361,99,$$ \begin{bmatrix} 1 \\ 1 \\ 1 \end{bmatrix} $$,False,,
362,99,$$ \begin{bmatrix} -2 \\ -4 \\ 2 \end{bmatrix} $$,True,,
363,99,$$ \begin{bmatrix} 1 \\ 2 \\ -1 \end{bmatrix} $$,True,,
364,101,0,False,,
365,101,1,False,,
366,101,2,True,,
367,101,infinite,False,,
368,102,$$ x^T w $$,False,,
369,102,$$ (x^T w)w $$,False,,
370,102,$$ \left( \frac{x^T w}{||w||^2} \right) w $$,True,,
371,103,"$$L_1$$, as it gives a better compression ratio",False,,
372,103,"$$L_2$$, as it gives a better compression ratio",False,,
373,103,"$$L_1$$, as it gives a smaller reconstruction error",True,,
374,103,"$$L_2$$, as it gives a smaller reconstruction error",False,,
375,104,$$ \frac{1}{n} \sum_{i=1}^{n} ||x_i - (x_i^T w)w||^2 $$,True,,
376,104,$$ \frac{1}{n} \sum_{i=1}^{n} [x_i - (x_i^T w)w]^T [x_i - (x_i^T w)w] $$,True,,
377,104,$$ \frac{1}{n} \sum_{i=1}^{n} [x_i^T x_i - (x_i^T w)^2] $$,True,,
378,104,$$ \frac{1}{n} \sum_{i=1}^{n} (x_i^T w)^2 $$,False,,
379,104,$$ \frac{1}{n} \sum_{i=1}^{n} ||x_i||^2 $$,False,,
380,105,True,True,,
381,105,False,False,,
382,106,"$$ \max_{w, ||w||=1} \frac{1}{n} \sum_{i=1}^{n} (x_i^T w)^2 $$",True,,
383,106,"$$ \max_{w, ||w||=1} w^T \left[ \frac{1}{n} \sum_{i=1}^{n} x_i x_i^T \right] w $$",True,,
384,106,"$$ \min_{w, ||w||=1} \frac{1}{n} \sum_{i=1}^{n} (x_i^T w)^2 $$",False,,
385,106,"$$ \max_{w, ||w||=1} \frac{1}{n} \sum_{i=1}^{n} -(x_i^T w)^2 $$",False,,
386,107,$$ n \times n $$,False,,
387,107,$$ d \times d $$,True,,
388,107,$$ n \times d $$,False,,
389,107,$$ d \times n $$,False,,
390,108,It is the eigenvector corresponding to the minimum eigenvalue of the covariance matrix.,False,,
391,108,"It could be any one of the eigenvectors of the covariance matrix. That is, every eigenvector is a solution of the optimization problem.",False,,
392,108,It is the eigenvector corresponding to the maximum eigenvalue of the covariance matrix.,True,,
393,109,Yes,True,,
394,109,No,False,,
395,110,$$ (x^T w)w $$,False,,
396,110,$$ x - w $$,False,,
397,110,$$ x - x^T w $$,False,,
398,110,$$ x - (x^T w)w $$,True,,
399,111,Only S1 is true,True,,
400,111,Only S2 is true,False,,
401,111,Both S1 and S2 are true,False,,
402,111,Both S1 and S2 are false,False,,
403,112,Yes,True,,
404,112,No,False,,
405,114,The vectors in $$B$$ are linearly independent,True,,
406,114,The vectors in $$B$$ span $$\mathbb{R}^d$$,True,,
407,114,$$B$$ is a basis for $$\mathbb{R}^d$$,True,,
408,114,$$w_i^T w_j = 0$$ for $$i \neq j$$,True,,
409,114,$$w_i^T w_i = 1$$ for $$1 \leq i \leq d$$,True,,
410,116,The dataset is a subset of $$\mathbb{R}^4$$,False,,
411,116,The dataset is a subset of a 4-dimensional linear subspace of $$\mathbb{R}^{1000}$$,False,,
412,116,The dataset is a subset of a 4-dimensional linear subspace of $$\mathbb{R}^{10}$$,True,,
413,117,It is the eigenvector corresponding to the $$k^{\text{th}}$$ smallest eigenvalue of the covariance matrix.,False,,
414,117,It is the eigenvector corresponding to the $$k^{\text{th}}$$ largest eigenvalue of the covariance matrix.,True,,
415,118,$$ 1 $$,False,,
416,118,$$ 0 $$,False,,
417,118,$$ \lambda_k $$,True,,
418,118,$$ \lambda_k^2 $$,False,,
419,119,Only S1 is true,False,,
420,119,Only S2 is true,False,,
421,119,Both S1 and S2 are true,True,,
422,119,Both S1 and S2 are false,False,,
423,121,"$$L_1$$, as it gives a better compression ratio",False,,
424,121,"$$L_2$$, as it gives a better compression ratio",False,,
425,121,"$$L_1$$, as the variance of the dataset is higher along this direction",True,,
426,121,"$$L_2$$, as the variance of the dataset is higher along this direction",False,,
427,121,"$$L_1$$, as the variance of the dataset is lower along this direction",False,,
428,121,"$$L_2$$, as the variance of the dataset is lower along this direction",False,,
429,122,4 KB,False,,
430,122,4 MB,False,,
431,122,40 MB,True,,
432,122,4 GB,False,,
433,124,$$ \begin{bmatrix} 3 \\ 4 \end{bmatrix} $$,False,,
434,124,$$ \begin{bmatrix} 1/15 \\ 4/15 \end{bmatrix} $$,False,,
435,124,$$ \begin{bmatrix} 3/5 \\ 4/5 \end{bmatrix} $$,True,,
436,124,$$ \begin{bmatrix} 1 \\ 1 \end{bmatrix} $$,False,,
437,125,"$$ \{0, 5, 10, 1/3\} $$",True,,
438,125,"$$ \{0, 1, 2, 1/3\} $$",False,,
439,125,"$$ \{0, 5, 10, 3\} $$",False,,
440,125,"$$ \{0, 1, 10, 1/3\} $$",False,,
441,126,$$ \vec{OP} $$,False,,
442,126,$$ \vec{OQ} $$,False,,
443,126,$$ \vec{QP} $$,True,,
444,127,Yes,False,,
445,127,No,True,,
446,128,$$ |\vec{QP}| < |\vec{Q'P}| $$,False,,
447,128,$$ |\vec{Q'P}| < |\vec{QP}| $$,True,,
448,128,$$ |\vec{QQ'}| = 0 $$,False,,
449,128,$$ |\vec{QQ'}| > 0 $$,True,,
450,129,True,False,,
451,129,False,True,,
452,130,The dataset lies in a $$d$$-dimensional subspace of $$\mathbb{R}^n$$,False,,
453,130,The dataset lies in a $$k$$-dimensional subspace of $$\mathbb{R}^d$$,True,,
454,130,The dataset lies in a $$d$$-dimensional subspace of $$\mathbb{R}^k$$,False,,
455,130,The dataset lies in a $$k$$-dimensional subspace of $$\mathbb{R}^n$$,False,,
456,131,$$w_1$$,False,,
457,131,$$0$$,True,,
458,132,$$ \frac{1}{n} X_1^T X_1 $$,True,,
459,132,$$ \frac{1}{n} X_2^T X_2 $$,False,,
460,132,$$ \frac{1}{n} X_1 X_1^T $$,False,,
461,132,$$ \frac{1}{n} X_2 X_2^T $$,True,,
462,134,$$R_1: w^T x > 0$$,True,,
463,134,$$R_2: w^T x > 0$$,False,,
464,134,$$R_1: w^T x < 0$$,False,,
465,134,$$R_2: w^T x < 0$$,True,,
466,134,$$L: w^T x = 0$$,True,,
467,135,int,False,,
468,135,float,True,,
469,135,str,False,,
470,135,bool,False,,
471,136,str,False,,
472,136,bool,True,,
473,136,True,False,,
474,136,False,False,,
475,137,,False,code,(10^3) + (9^3) == (12^3) + (1^3) == 1729
476,137,,False,code,(10 ** 3) + (9 ** 3) = (12 ** 3) + (1 ** 3) = 1729
477,137,,False,code,(10 power 3) + (9 power 3) == (12 power 3) + (1 power 3) == 1729
478,137,,True,code,(10 ** 3) + (9 ** 3) == (12 ** 3) + (1 ** 3) == 1729
479,138,It is True if and only if both E_1 and E_2 have the same value.,False,,
480,138,It is False if and only if both E_1 and E_2 have the same value.,False,,
481,138,It is always True.,True,,
482,138,It is always False.,False,,
483,139,True,False,,
484,139,False,True,,
485,139,Cannot be determined,False,,
486,142,,True,code,name1 = input()юААname2 = input()юААprint(name1 < name2)
487,142,,False,code,name1 = input()юААname2 = input()юААprint(name1 > name2)
488,142,,True,code,print(input() < input())
489,142,,False,code,print(input() > input())
490,142,,True,code,name1 = input()юААname2 = input()юААresult = name1 < name2юААprint(result)
491,142,,False,code,name1 = input()юААname2 = input()юААresult = name1 > name2юААprint(result)
492,144,12,False,,
493,144,2,False,,
494,144,15 % 3 * 2 + 2,True,,
495,144,'15 % 3 * 2 + 2',False,,
496,145,a + 'b' + c + '' + d,True,,
497,145,"""a + 'b' + c + '' + d""",False,,
498,145,a + b + c + '' + d,False,,
499,145,a + '''b''' + c + '''' + d,False,,
500,146,,False,code,print(1 2 3 4 5)
501,146,,True,code,print('1 2 3 4 5') # there is a space between consecutive numbers
502,146,,False,code,print(1)юААprint(2)юААprint(3)юААprint(4)юААprint(5)
503,146,,True,code,"print(1, 2, 3, 4, 5)"
504,147,"1 - (A), 2 - (C), 3 - (B), 4 - (D), 5 - (A)",False,,
505,147,"1 - (B), 2 - (C), 3 - (A), 4 - (D), 5 - (A)",True,,
506,147,"1 - (A), 2 - (C), 3 - (B), 4 - (D), 5 - (B)",False,,
507,147,"1 - (B), 2 - (C), 3 - (A), 4 - (D), 5 - (B)",False,,
508,148,,False,code,word[0] + word[1]
509,148,,True,code,word[0] + word[-1]
510,148,,True,code,word[0] + word[len(word) - 1]
511,148,,False,code,word[-1] + word[len(word)]
512,149,11,False,,
513,149,11.0,True,,
514,149,33,False,,
515,149,33.0,False,,
516,152,a_,True,,
517,152,_a,True,,
518,152,1a,False,,
519,152,a variable,False,,
520,152,a_variable,True,,
521,153,The two lines are always the same.,True,,
522,153,The two lines are always different.,False,,
523,153,The two lines are the same if and only if word1 and word2 are equal.,False,,
524,153,None of the above,False,,
525,154,,True,code,x == y == z
526,154,,False,code,x == y == z == a
527,154,,False,code,x == y == z == b
528,154,,True,code,x == y == z == c
529,155,,False,code,aюААa
530,155,,False,code,a + 1юААa + 1
531,155,,False,code,a - 1юААa - 1
532,155,,False,code,a - 1юАА-a
533,155,,False,code,aюАА-a + 1
534,155,,True,code,aюАА-a
535,156,Yes,True,,
536,156,No,False,,
537,157,All three blocks are equivalent to each other.,False,,
538,157,Exactly two of these three blocks are equivalent to each other.,False,,
539,157,Blocks 1 and 2 print the same output when E evaluates to True.,False,,
540,157,Blocks 1 and 2 print the same output when E evaluates to False.,True,,
541,157,Blocks 2 and 3 print the same output when E evaluates to True.,True,,
542,158,The value of variable x is independent of the value of bool_var.,True,,
543,158,The value of variable x is dependent on the value of boon_var.,False,,
544,158,Line-5 is never executed.,True,,
545,158,The variable x is updated exactly two times.,False,,
546,159,When all three Boolean variables are True.,False,,
547,159,When all three Boolean variables are False.,True,,
548,159,When at least one of the three Boolean variables is True.,False,,
549,159,When at least one of the three Boolean variables is False.,False,,
550,159,This code will never throw an error.,False,,
551,161,,False,code,print(\)
552,161,,False,code,print('\')
553,161,,True,code,print('\\')
554,161,,False,code,"print(""\"")"
555,162,Neeraj,True,,
556,162,Mirabai,True,,
557,162,Sindhu,True,,
558,162,X AE A-12,False,,
559,162,Rohit Sharma,False,,
560,163,abcdefghij,False,,
561,163,abcde,False,,
562,163,acegi,True,,
563,163,bdfhj,False,,
564,164,,False,code,1234юАА1234юАА1234юАА1234
565,164,,True,code,1юАА2юАА3юАА4
566,164,,False,code,1юАА1юАА1юАА1
567,164,,False,code,4юАА4юАА4юАА4
568,165,tacit,True,,
569,165,trumpet,True,,
570,165,ease,True,,
571,165,TrumpeT,False,,
572,165,TaciT,False,,
573,166,A word is termed valid if it begins with a lower case letter.,False,,
574,166,A word is termed valid if its first and last characters are the same.,False,,
575,166,A word is termed valid if it begins with a lower case letter AND its first and last characters are the same.,True,,
576,166,A word is termed valid if it begins with a lower case letter OR its first and last characters are the same.,False,,
577,168,,False,code,"num = int(input())юААfirst, middle, last = num[0], num[1], num[2]юААif first + last == middle:юАА    print('sandwich')юААelse:юАА    print('plain')"
578,168,,False,code,"num = input()юААfirst, middle, last = num[0], num[1], num[2]юААif first + last == middle:юАА    print('sandwich')юААelse:юАА    print('plain')"
579,168,,True,code,"num = input()юААfirst, middle, last = int(num[0]), int(num[1]), int(num[2])юААif first + last == middle:юАА    print('sandwich')юААelse:юАА    print('plain')"
580,168,,False,code,"num = int(input())юААfirst, middle, last = int(num[0]), int(num[1]), int(num[2])юААif first + last == middle:юАА    print('sandwich')юААelse:юАА    print('plain')"
581,171,"When any two among x, y and z are equal",False,,
582,171,"When all the values of x, y and z are equal",False,,
583,171,"When any one among x, y and z is zero",False,,
584,171,"When all the values of x, y and z are zeros",True,,
585,172,True,False,,
586,172,False,True,,
587,173,,False,code,sentence = input()юААspace = ' ' # there is a single space between the quotesюААnum_words = sentence.count(space)юААprint(num_words)
588,173,,True,code,sentence = input()юААspace = ' ' # there is a single space between the quotesюААnum_words = sentence.count(space) + 1юААprint(num_words)
589,173,,False,code,sentence = int(input())юААspace = ' ' # there is a single space between the quotesюААnum_words = sentence.count(space)юААprint(num_words)
590,173,,False,code,sentence = input()юААnum_words = len(sentence)юААprint(num_words)
591,174,,False,text,"ABD
XYZ
MR
FNAME LNAME
999"
592,174,,False,text,"ABC
XYZ
MRS
FNAME LNAME
999"
593,174,,True,text,"ABC
XYZ
MR
fname lname
999"
594,174,,False,text,"ABC
MR
XYZ
FNAME LNAME
999"
595,175,(a{b[c]}),True,,
596,175,abcd,True,,
597,175,)(][}{,True,,
598,175,a(db],False,,
851,263,[],False,,
852,263,Error,False,,
853,263,"[5, 22, 55, 75]",False,,
854,263,"[22, 5, 55, 75]",True,,
855,264,Abhi,False,,
856,264,Akshay,True,,
857,264,undefined,False,,
858,264,ReferenceError,False,,
859,265,Abhi,True,,
860,265,Akshay,False,,
861,265,Undefined,False,,
862,265,ReferenceError,False,,
863,266,100,False,,
864,266,120,True,,
865,266,140,False,,
866,266,160,False,,
867,267,6,False,,
868,267,5,False,,
869,267,8,True,,
870,267,None of the above,False,,
871,268,3,False,,
872,268,5,False,,
873,268,7,True,,
874,268,15,False,,
875,269,Undefined,False,,
876,269,Modern Application Development 2,True,,
877,269,Will throw syntax error,False,,
878,269,None of the above,False,,
879,270,500px,True,,
880,270,1000px,False,,
881,270,0px,False,,
882,270,None of the above,False,,
887,272,Application,False,,
888,272,Programming,True,,
889,272,Interface,False,,
890,272,A,False,,
883,271,"Red, 100px, 100px",False,,
884,271,"Red, 50px, 50px",True,,
885,271,"Green, 50px, 100px",False,,
886,271,"Green, 50px, 50px",False,,
599,176,The residue is equal to the zero vector.,False,,
600,176,The residue is equal to the vector $x$.,True,,
601,176,The projection is the zero vector.,True,,
602,176,The projection is equal to the vector $x$.,False,,
618,186,"$P:(-ve,-ve)$",False,,
619,186,"$P:(-ve,+ve)$",True,,
620,186,"$Q:(+ve,+ve)$",False,,
621,186,"$Q:(+ve,-ve)$",True,,
612,181,,False,image,img_002.png
613,181,,True,image,img_003.png
603,177,Statement-1,False,,
604,177,Statement-2,False,,
605,177,Statement-3,False,,
606,177,Statement-4,False,,
607,177,None of these statements are true.,True,,
608,179,$\begin{bmatrix} 3.5 \\ 3.5 \end{bmatrix}$,False,,
609,179,$\begin{bmatrix} -1.5 \\ 1.5 \end{bmatrix}$,True,,
610,179,$\begin{bmatrix} 2 \\ 5 \end{bmatrix}$,False,,
611,179,$\begin{bmatrix} 1 \\ 4 \end{bmatrix}$,False,,
614,183,$\begin{bmatrix} 4.5 & -0.5 \\ -0.5 & 0.25 \end{bmatrix}$,True,,
615,183,$\begin{bmatrix} 36 & -4 \\ -4 & 2 \end{bmatrix}$,False,,
616,183,$\begin{bmatrix} 1 & 0 \\ 0 & 1 \end{bmatrix}$,False,,
617,183,$\begin{bmatrix} 1 & 1 \\ 1 & 1 \end{bmatrix}$,False,,
622,187,Yes,True,,
623,187,No,False,,
624,188,We cannot run the PCA as $k$ is not a valid kernel.,False,,
625,188,It will be the same as PCA with no kernel.,True,,
626,188,It will be the same as the polynomial transformation of degree 2 and then run the PCA.,False,,
627,188,It will be the same as the polynomial transformation of degree 3 and then run the PCA.,False,,
628,189,The transformed data points will lie on a 5-dimensional subspace of $\mathbb{R}^6$.,True,,
629,189,The transformed data points will lie on a 6-dimensional subspace of $\mathbb{R}^{10}$,False,,
630,189,There will be some $w \in \mathbb{R}^6$ that all of the data points are orthogonal to.,True,,
631,189,There will be some $w \in \mathbb{R}^{10}$ that all of the data points are orthogonal to.,False,,
632,190,$\begin{bmatrix} 1 & 8 \\ 8 & -1 \end{bmatrix}$,True,,
633,190,$\begin{bmatrix} 1 & 8 \\ 8 & 1 \end{bmatrix}$,True,,
634,190,$\begin{bmatrix} 1 & -8 \\ 8 & 1 \end{bmatrix}$,True,,
635,190,$\begin{bmatrix} 1 & 0 \\ 0 & 1 \end{bmatrix}$,False,,
636,191,Yes,True,,
637,191,No,False,,
638,192,$2 \times 2$,False,,
639,192,$4 \times 4$,True,,
640,192,$6 \times 6$,False,,
641,192,None of the above,False,,
642,193,-4,False,,
643,193,16,True,,
644,193,13,False,,
645,193,196,False,,
646,195,$x_i^T \alpha_k$,False,,
647,195,$\frac{x_i^T \alpha_k}{\sqrt{\lambda}}$,False,,
648,195,$\frac{x_i^T X \alpha_k}{\sqrt{\lambda}}$,True,,
649,195,$\frac{x_i^T X \alpha_k}{\sqrt{n\lambda}}$,False,,
650,196,Yes,True,,
651,196,No,False,,
652,197,Statement 1 is correct but statement 2 is incorrect.,False,,
653,197,Statement 1 is incorrect but statement 2 is correct.,False,,
654,197,Both statements are correct.,True,,
655,197,Both statements are incorrect.,False,,
656,198,$(x_1 x_2 + 1)^3$,True,,
657,198,$(x_2 x_1 + 1)^3$,True,,
658,198,$(x_1 x_2 + 1)^4$,False,,
659,198,$\phi(x_2)^T \phi(x_1)$,True,,
660,199,"$2, 5, 7$",False,,
661,199,"$2d, 5d, 7d$",False,,
662,199,"$2n, 5n, 7n$",True,,
663,199,Can not be determined,False,,
664,200,$4$,False,,
665,200,$\frac{1}{\sqrt{51}}$,False,,
666,200,$\frac{1}{2\sqrt{51}}$,True,,
667,200,"$\left[ \frac{1}{\sqrt{51}}, \frac{3}{\sqrt{51}}, \frac{4}{\sqrt{51}}, \frac{5}{\sqrt{51}} \right]^T$",False,,
668,200,"$\left[ \frac{1}{2\sqrt{51}}, \frac{3}{2\sqrt{51}}, \frac{4}{2\sqrt{51}}, \frac{5}{2\sqrt{51}} \right]^T$",False,,
669,202,Yes,True,,
670,202,No,False,,
671,203,Standard PCA,False,,
672,203,Kernel PCA with a polynomial kernel of degree 2,False,,
673,203,Kernel PCA with a polynomial kernel of degree 3,True,,
674,203,Kernel PCA with a polynomial kernel of degree 4,False,,
675,204,Strategy 1,False,,
676,204,Strategy 2,True,,
677,204,Both strategies are the same,False,,
678,206,$10$,False,,
679,206,$40$,False,,
680,206,$\infty$,True,,
681,206,Can not be determined,False,,
895,274,1,False,,
896,274,2,False,,
897,274,3,True,,
898,274,4,False,,
899,275,abhi,False,,
900,275,alt,False,,
901,275,Reference Error,True,,
902,275,None of the above,False,,
903,276,"[ 'string', 'boolean', 'number', 'function' ]",True,,
904,276,"['iitmonline', true, 3, (a, b) => a + b]",False,,
905,276,"[object, object, object, object]",False,,
906,276,None of the above,False,,
907,277,"[NaN, NaN, 9, NaN]",False,,
908,277,"[NaN, 1, 9, NaN]",True,,
909,277,"[1, 1, 9, NaN]",False,,
910,277,None of the above,False,,
911,278,It will throw syntax error,False,,
912,278,Apple is red and undefined,False,,
913,278,Undefined is undefined and Spherical,False,,
914,278,Apple is red and Spherical,True,,
915,279,"Bowler {
  name: 'Jasprit Bumrah',
  team: 'Indian Cricket Team',
  nationality: 'Indian',
  role: 'Bowler',
  wicket: 101,
  average: 22.79
}",True,,
916,279,"Bowler {
  name: 'Jasprit Bumrah',
  team: undefined,
  nationality: undefined,
  role: 'Bowler',
  wicket: 101,
  average: 22.79
}",False,,
917,279,"Bowler {
  name: undefined,
  team: undefined,
  nationality: undefined,
  role: 'Bowler',
  wicket: 101,
  average: 22.79
}",False,,
918,279,None of the above,False,,
919,280,undefined from undefined is a Batsman,False,,
920,280,Rohit from Indian Cricket Team is an undefined,False,,
921,280,undefined from Indian Cricket Team is a Batsman,False,,
922,280,Rohit from Indian Cricket Team is a Batsman,True,,
923,281,"[17, NaN, 29]",False,,
924,281,"[17, 20, 29]",True,,
925,281,"[NaN, 20, 29]",False,,
926,281,Syntax error,False,,
927,282,Mishra,False,,
928,282,Mourya,True,,
929,282,Syntax Error,False,,
930,282,None of the above,False,,
891,273,Code snippet 1,True,,
892,273,Code snippet 2,False,,
893,273,Both Code snippets 1 and 2,False,,
894,273,None of the above,False,,
682,207,"3, 5, 1, 4, 2",False,,
683,207,"5, 3, 1, 2, 4",False,,
684,207,"5, 3, 1, 4, 2",True,,
685,207,"3, 5, 2, 4, 1",False,,
686,207,None of these,False,,
687,208,"$F(z_1^{t+1},z_2^{t+1},\dots,z_n^{t+1}) > F(z_1^t,z_2^t,\dots,z_n^t)$",False,,
688,208,"$F(z_1^{t+1},z_2^{t+1},\dots,z_n^{t+1}) < F(z_1^t,z_2^t,\dots,z_n^t)$",True,,
689,208,"$F(z_1^{t+1},z_2^{t+1},\dots,z_n^{t+1}) = F(z_1^t,z_2^t,\dots,z_n^t)$",False,,
690,209,Perpendicular to the line joining $\mu_1$ and $\mu_2$ and at the point $\frac{(\mu_1+\mu_2)^2}{2}$,False,,
691,209,Parallel to the line joining $\mu_1$ and $\mu_2$ and at the point $\frac{(\mu_1+\mu_2)^2}{2}$,False,,
692,209,Perpendicular to the line joining $\mu_1$ and $\mu_2$ and at the point $\frac{\mu_1+\mu_2}{2}$,True,,
693,209,Parallel to the line joining $\mu_1$ and $\mu_2$ and at the point $\frac{\mu_1+\mu_2}{2}$,False,,
694,210,a),False,image,km2.png
695,210,b),False,image,km3.png
696,210,c) Depends on cluster center initializations and the distance between the two lines.,True,,
697,211,"Any point out of of $x_1, x_2, x_3, x_4, x_5$ may be chosen uniformly at random as next mean.",False,,
698,211,Certainly $x_3$ will be chosen as its distance from closest mean is largest.,False,,
699,211,"$x_3$ will be chosen with the highest probability, but we are not sure whether this point will definitely be chosen.",True,,
700,212,The partition configurations can not repeat themselves.,True,,
701,212,"After doing the reassignments, we might get the same partition configuration again.",False,,
702,212,Objective function after making the re-assignments strictly reduces.,True,,
703,212,Objective function after making the re-assignments may increase.,False,,
704,212,Change of value of objective function indicates that the partition configuration has changed.,True,,
705,212,"For partitioning $n$ data points across $k$ partitions, Lloyd's algorithm takes $k^n$ iterations to converge.",False,,
706,213,1,True,,
707,213,10,False,,
708,213,100,False,,
709,213,Insufficient information. Depends on data.,False,,
710,214,100,False,,
711,214,0,True,,
712,214,100*100,False,,
713,215,"In k-means algorithm, all cluster initializations lead to the same result.",False,,
714,215,"One initialization might get stuck in local minima, while another may lead to global minima.",True,,
715,215,One initialization may converge while another may not.,False,,
716,215,The initialization of cluster centres may affect the number of iterations K-means takes to converge.,True,,
717,216,Yes,True,,
718,216,No,False,,
719,217,$\mathbb{R}$,False,,
720,217,$\mathbb{R}^+$,False,,
721,217,Both $\mathbb{R}^+$ and $\mathbb{R}^-$,False,,
722,217,$\mathbb{R}^3$,True,,
723,218,$\frac{1}{n}\sum_{i=1}^n(f(x_i)-y_i)^2$,False,,
724,218,$\frac{1}{n}\sum_{i=1}^n|f(x_i)-y_i|$,False,,
725,218,$\frac{1}{n}\sum_{i=1}^n\mathbb{1}(f(x_i)\neq y_i)$,True,,
726,219,Predicting the amount of rainfall in May 2022 in North India based on precipitation data of the year 2021.,False,,
727,219,Predicting the price of a land based on its area and distance from the market.,False,,
728,219,Predicting whether an email is spam or not.,True,,
729,219,Predicting the number of Covid cases on a given day based on previous month data.,False,,
730,220,$\mathbb{1}(355\%2 = 1) = 1$,False,,
731,220,$\mathbb{1}(788\%2 = 1) = 0$,False,,
732,220,$\mathbb{1}(355\%2 = 0) = 1$,True,,
733,220,$\mathbb{1}(788\%2 = 0) = 1$,False,,
734,221,Unsupervised machine learning helps you to find different kinds of unknown patterns in data.,False,,
735,221,Regression and classification are two types of supervised machine learning techniques while clustering and density estimation are two types of unsupervised learning.,False,,
736,221,"In unsupervised learning model, the data contains both input and output variables while in supervised learning model, the data contains only input data",True,,
737,222,is discrete,False,,
738,222,is continuous and always within a finite range.,False,,
739,222,is continuous with any range.,True,,
740,222,may be discrete or continuous.,False,,
741,223,Making different groups of customers based on their purchase history.,False,,
742,223,Predicting whether a loan client may default or not based on previous credit history.,True,,
743,223,Grouping similar Wikipedia articles as per their content.,False,,
744,223,Estimating the revenue of a company for a given year based on number of items sold.,True,,
745,224,Classification,False,,
746,224,Regression,True,,
747,224,Density Estimation,False,,
748,224,Dimensionality Reduction,False,,
749,225,Test set; Validation set; training set,False,,
750,225,Training set; Test set; Validation set,False,,
751,225,Training set; Validation set; Test set,True,,
752,225,Test set; Training set; Validation set,False,,
758,229,"(1, 1)",True,,
759,229,"(1, 2)",False,,
760,229,"(2, 1)",False,,
761,229,"(2, 2)",False,,
753,226,"Dimensionality Reduction, Regression, Classification, Density Estimation",False,,
754,226,"Dimensionality Reduction, Classification, Density Estimation, Regression",False,,
755,226,"Density Estimation, Dimensionality Reduction, Regression, Classification",True,,
756,226,"Classification, Density Estimation, Dimensionality Reduction, Regression",False,,
757,226,"Classification, Dimensionality Reduction, Regression, Density Estimation",False,,
766,236,$x^Tx$,False,,
767,236,$||x||^2$,False,,
768,236,$\sum_{i=1}^dx_i^2$,False,,
769,236,$xx^T$,True,,
770,237,$f(x)$ is continuous at $x=3$.,False,,
771,237,$f(x)$ is not continuous at $x=3$.,True,,
772,237,$f(x)$ is differentiable at $x=3$.,False,,
773,237,$f(x)$ is not differentiable at $x=3$.,True,,
774,240,"$[2, 3, 5]$ and $[-2, 3, -1]$",True,,
762,235,$\frac{1}{x-1}$,True,,
763,235,$\frac{x^2-1}{x-1}$,True,,
764,235,$\text{sign}(x-2)$,False,,
765,235,$\sin(x)$,True,,
775,240,"$[1, 0, 1]$ and $[0, 1, 1]$",False,,
776,240,"$[2, 3, 5]$ and $[-2, 3, -5]$",False,,
777,240,"$[0, 1, 0]$ and $[0, 0, 1]$",True,,
778,240,"$[2, -3, 5]$ and $[-2, 3, -5]$",False,,
779,240,"$[1, 0, 0]$ and $[0, 1, 0]$",True,,
780,241,$4x+4y-8$,False,,
781,241,$12x+12y-32$,True,,
782,241,$12x+4y-8$,False,,
783,241,$12x+12y+32$,False,,
784,242,"$[12, 4]$",True,,
785,242,"$[4, 12]$",False,,
786,242,"$[1, 4]$",False,,
787,242,"$[4, 1]$",False,,
788,243,"$[1, 2, 3]$",False,,
789,243,"$[-1, 2, 3]$",False,,
790,243,"$[0, 2, 3]$",True,,
791,243,"$[2, 0, 3]$",False,,
798,246,"$\begin{bmatrix} \frac{2}{\sqrt{20}}, & 0, & \frac{4}{\sqrt{20}} \end{bmatrix}$",True,,
799,246,"$\begin{bmatrix} \frac{1}{\sqrt{29}}, & 0, & \frac{1}{\sqrt{29}} \end{bmatrix}$",False,,
800,246,"$\begin{bmatrix} \frac{-2}{\sqrt{29}}, & 0, & \frac{4}{\sqrt{29}} \end{bmatrix}$",False,,
801,246,"$\begin{bmatrix} \frac{2}{\sqrt{20}}, & 0, & \frac{-4}{\sqrt{20}} \end{bmatrix}$",False,,
802,248,"$[1,2,3]+\alpha[-6,-6,3]$",False,,
803,248,"$[7,8,9]+\alpha[-6,-6,3]$",False,,
804,248,"$[1,2,3]+\alpha[6,6,3]$",False,,
805,248,"$[7,8,6]+\alpha[6,6,3]$",False,,
806,248,"$[7,8,6]+\alpha[1,2,3]$",True,,
807,248,"$[1,2,3]+\alpha[7,8,6]$",False,,
792,244,(i) only,False,,
793,244,(ii) only,False,,
794,244,(iii) only,False,,
795,244,(iv) only,False,,
796,244,(i) and (ii),True,,
797,244,(iii) and (iv),False,,
808,249,True,True,,
809,249,False,False,,
810,250,"$A^C=[10,30] \cup [50,100]$",True,,
811,250,"$A^C=[10,30) \cup (50,100]$",False,,
812,250,"$A \cup B=[30,90]$",False,,
813,250,$A \cap B=\emptyset$,True,,
814,250,$A \cap B=\{50\}$,False,,
815,250,"$A^C \cap B^C=[10,30) \cup [91,100]$",False,,
816,251,Only (i) and (ii),False,,
817,251,Only (ii) and (iii),False,,
818,251,Only (i) and (iii),False,,
819,251,"(i), (ii) and (iii)",True,,
820,252,$1+x$,False,,
821,252,$1-x$,False,,
822,252,$x-1$,False,,
823,252,$x$,True,,
824,254,Yes,True,,
825,254,No,False,,
826,255,$1$,False,,
827,255,$0$,False,,
828,255,$0.019$,False,,
829,255,$1.019$,True,,
830,256,$2x+2y+2$,False,,
831,256,$2x+2y-2$,True,,
832,256,$2x+2y+1$,False,,
833,256,$2x+2y-1$,False,,
834,257,"$[1, 6]$",False,,
835,257,"$[6, 1]$",True,,
836,257,"$[1, 3]$",False,,
837,257,"$[3, 1]$",False,,
838,259,"$\begin{bmatrix} \frac{2}{\sqrt{29}}, & \frac{3}{\sqrt{29}}, & \frac{4}{\sqrt{29}} \end{bmatrix}$",True,,
839,259,"$\begin{bmatrix} \frac{-2}{\sqrt{29}}, & \frac{3}{\sqrt{29}}, & \frac{4}{\sqrt{29}} \end{bmatrix}$",False,,
840,259,"$\begin{bmatrix} \frac{-2}{\sqrt{29}}, & \frac{-3}{\sqrt{29}}, & \frac{4}{\sqrt{29}} \end{bmatrix}$",False,,
841,259,"$\begin{bmatrix} \frac{2}{\sqrt{29}}, & \frac{-3}{\sqrt{29}}, & \frac{4}{\sqrt{29}} \end{bmatrix}$",False,,
842,261,(i),False,,
843,261,(i) and (ii),True,,
844,261,(iii) and (iv),False,,
845,261,(i) and (iii),False,,
846,261,(ii) and (iv),False,,
847,262,$a^Tb \geq ||a||*||b||$,False,,
848,262,$a^Tb \leq ||a||*||b||$,False,,
849,262,$a^Tb = ||a||*||b||$,False,,
850,262,$a^Tb = -||a||*||b||$,True,,
